ProductName,Sales
12-1/2 Diameter Round Wall Clock,551.448
24-Hour Round Wall Clock,487.512
36X48 HARDFLOOR CHAIRMAT,369.24800000000005
3M Hangers With Command Adhesive,108.03999999999999
3M Polarizing Light Filter Sleeves,216.34
"3M Polarizing Task Lamp with Clamp Arm, Light Gray",2191.68
"6"" Cubicle Wall Clock, Black",124.586
9-3/4 Diameter Round Wall Clock,455.07
Acrylic Self-Standing Desk Frames,93.984
"Advantus Employee of the Month Certificate Frame, 11 x 13-1/2",822.738
Advantus Panel Wall Acrylic Frame,87.52
Advantus Panel Wall Certificate Holder - 8.5x11,270.84
Aluminum Document Frame,244.39999999999998
Anderson Hickey Conga Table Tops & Accessories,51.782
Artistic Insta-Plaque,156.8
"Atlantic Metals Mobile 2-Shelf Bookcases, Custom Colors",400.0268
"Atlantic Metals Mobile 3-Shelf Bookcases, Custom Colors",7539.7122
"Atlantic Metals Mobile 4-Shelf Bookcases, Custom Colors",5184.081
"Atlantic Metals Mobile 5-Shelf Bookcases, Custom Colors",5492.885
BPI Conference Tables,2241.8675
Balt Solid Wood Rectangular Table,828.0965
Balt Solid Wood Round Tables,6518.754
Balt Split Level Computer Training Table,1040.625
"Barricks 18"" x 48"" Non-Folding Utility Table with Bottom Storage Shelf",1088.64
"Barricks Non-Folding Utility Table with Steel Legs, Laminate Tops",136.464
Bestar Classic Bookcase,1897.8102
Bevis 36 x 72 Conference Tables,4332.252
Bevis 44 x 96 Conference Tables,3253.2200000000003
Bevis Boat-Shaped Conference Table,2542.467
"Bevis Oval Conference Table, Walnut",6942.068
Bevis Rectangular Conference Tables,1007.262
"Bevis Round Bullnose 29"" High Table Top",4544.925
Bevis Round Conference Room Tables and Bases,519.941
Bevis Round Conference Table Top & Single Column Base,2297.538
"Bevis Round Conference Table Top, X-Base",2671.421
Bevis Steel Folding Chairs,1775.075
"Bevis Traditional Conference Table Top, Plinth Base",2033.496
BoxOffice By Design Rectangular and Half-Moon Meeting Room Tables,1706.25
Bretford CR4500 Series Slim Rectangular Table,7242.768
Bretford CR8500 Series Meeting Room Furniture,6776.562000000001
Bretford Rectangular Conference Table Tops,12995.2915
Bretford ÒJust In TimeÓ Height-Adjustable Multi-Task Work Tables,5634.9
Bush Advantage Collection Racetrack Conference Table,9544.725
Bush Advantage Collection Round Conference Table,3401.6000000000004
"Bush Andora Bookcase, Maple/Graphite Gray Finish",3317.7235
"Bush Andora Conference Table, Maple/Graphite Gray Finish",1436.232
"Bush Birmingham Collection Bookcase, Dark Cherry",825.174
"Bush Cubix Collection Bookcases, Fully Assembled",729.2339999999999
"Bush Cubix Conference Tables, Fully Assembled",3603.288
"Bush Heritage Pine Collection 5-Shelf Bookcase, Albany Pine Finish, *Special Order",3626.0056
Bush Mission Pointe Library,748.8608
"Bush Saratoga Collection 5-Shelf Bookcase, Hanover Cherry, *Special Order",119.833
Bush Somerset Collection Bookcase,1263.9569999999999
"Bush Westfield Collection Bookcases, Dark Cherry Finish",649.376
"Bush Westfield Collection Bookcases, Dark Cherry Finish, Fully Assembled",90.882
"Bush Westfield Collection Bookcases, Fully Assembled",1473.2982000000002
"Bush Westfield Collection Bookcases, Medium Cherry Finish",1426.8878
C-Line Cubicle Keepers Polyproplyene Holder With Velcro Backings,137.17
"C-Line Cubicle Keepers Polyproplyene Holder w/Velcro Back, 8-1/2x11, 25/Bx",514.556
"C-Line Magnetic Cubicle Keepers, Clear Polypropylene",136.344
"Career Cubicle Clock, 8 1/4"", Black",194.68800000000002
"Chromcraft 48"" x 96"" Racetrack Double Pedestal Table",5098.176
"Chromcraft Bull-Nose Wood 48"" x 96"" Rectangular Conference Tables",4297.644
Chromcraft Bull-Nose Wood Oval Conference Tables & Bases,9917.640000000001
"Chromcraft Bull-Nose Wood Round Conference Table Top, Wood Base",3354.89
Chromcraft Rectangular Conference Tables,4952.673
Chromcraft Round Conference Tables,8209.059
Coloredge Poster Frame,298.2
"Computer Room Manger, 14""",636.6080000000001
Contemporary Borderless Frame,36.162
Contemporary Wood/Metal Frame,193.92
"Contract Clock, 14"", Brown",334.096
DAX Black Cherry Wood-Tone Poster Frame,455.456
"DAX Charcoal/Nickel-Tone Document Frame, 5 x 7",168.744
DAX Clear Channel Poster Frame,119.556
"DAX Contemporary Wood Frame with Silver Metal Mat, Desktop, 11 x 14 Size",291.45599999999996
"DAX Copper Panel Document Frame, 5 x 7 Size",171.088
DAX Cubicle Frames - 8x10,125.786
"DAX Cubicle Frames, 8-1/2 x 11",145.69
"DAX Executive Solid Wood Document Frame, Desktop or Hang, Mahogany, 5 x 7",196.248
"DAX Metal Frame, Desktop, Stepped-Edge",161.92
DAX Natural Wood-Tone Poster Frame,513.712
DAX Solid Wood Frames,113.332
"DAX Two-Tone Rosewood/Black Document Frame, Desktop, 5 x 7",216.144
DAX Two-Tone Silver Metal Document Frame,234.784
"DAX Value U-Channel Document Frames, Easel Back",175.938
DAX Wood Document Frame,477.804
DAX Wood Document Frame.,159.268
DMI Arturo Collection Mission-style Design Wood Chair,4619.987999999999
DMI Eclipse Executive Suite Bookcases,11046.609
"Dana Fluorescent Magnifying Lamp, White, 36""",581.172
Dana Halogen Swing-Arm Architect Lamp,1114.384
Dana Swing-Arm Lamps,108.936
"DataProducts Ampli Magnifier Task Lamp, Black,",508.72800000000007
Dax Clear Box Frame,96.03
Deflect-O Glasstique Clear Desk Accessories,124.74
Deflect-o DuraMat Antistatic Studded Beveled Mat for Medium Pile Carpeting,1685.44
"Deflect-o DuraMat Lighweight, Studded, Beveled Mat for Low Pile Carpeting",673.87
"Deflect-o EconoMat Nonstudded, No Bevel Mat",702.44
"Deflect-o EconoMat Studded, No Bevel Mat for Low Pile Carpeting",1115.6399999999999
Deflect-o Glass Clear Studded Chair Mats,1579.3719999999998
"Deflect-o RollaMat Studded, Beveled Mat for Medium Pile Carpeting",1623.248
"Deflect-o SuperTray Unbreakable Stackable Tray, Letter, Black",437.70000000000005
Document Clip Frames,45.036
"Eldon ""L"" Workstation Diamond Chairmat",1002.936
Eldon 100 Class Desk Accessories,36.396
Eldon 200 Class Desk Accessories,133.136
"Eldon 200 Class Desk Accessories, Black",75.36
"Eldon 200 Class Desk Accessories, Burgundy",135.648
"Eldon 200 Class Desk Accessories, Smoke",138.16
"Eldon 300 Class Desk Accessories, Black",29.7
"Eldon 400 Class Desk Accessories, Black Carbon",159.25
Eldon 500 Class Desk Accessories,197.948
Eldon Advantage Chair Mats for Low to Medium Pile Carpets,563.03
Eldon Advantage Foldable Chair Mats for Low Pile Carpets,379.4
Eldon Antistatic Chair Mats for Low to Medium Pile Carpets,1431.944
Eldon Cleatmat Chair Mats for Medium Pile Carpets,344.1
Eldon Cleatmat Plus Chair Mats for High Pile Carpets,1304.1280000000002
Eldon ClusterMat Chair Mat with Cordless Antistatic Protection,1200.936
"Eldon Delta Triangular Chair Mat, 52"" x 58"", Clear",546.192
Eldon Econocleat Chair Mats for Low Pile Carpets,331.76
Eldon Executive Woodline II Cherry Finish Desk Accessories,98.13600000000001
"Eldon Executive Woodline II Desk Accessories, Mahogany",361.87199999999996
"Eldon Expressions Desk Accessory, Wood Pencil Holder, Oak",108.08
"Eldon Expressions Desk Accessory, Wood Photo Frame, Mahogany",262.752
Eldon Expressions Mahogany Wood Desk Collection,93.6
"Eldon Expressions Punched Metal & Wood Desk Accessories, Black & Cherry",155.708
"Eldon Expressions Punched Metal & Wood Desk Accessories, Pewter & Cherry",121.296
"Eldon Expressions Wood Desk Accessories, Oak",183.024
"Eldon Expressions Wood and Plastic Desk Accessories, Cherry Wood",160.54000000000002
"Eldon Expressions Wood and Plastic Desk Accessories, Oak",149.70000000000002
Eldon Image Series Black Desk Accessories,48.852
"Eldon Image Series Desk Accessories, Burgundy",111.18799999999999
"Eldon Image Series Desk Accessories, Ebony",180.31
"Eldon Imge Series Desk Accessories, Clear",53.46
Eldon Pizzaz Desk Accessories,37.464
Eldon Radial Chair Mat for Low to Medium Pile Carpets,775.6120000000001
"Eldon Regeneration Recycled Desk Accessories, Black",39.688
"Eldon Regeneration Recycled Desk Accessories, Smoke",33.756
"Eldon Stackable Tray, Side-Load, Legal, Smoke",155.38
Eldon Wave Desk Accessories,266.73
Electrix 20W Halogen Replacement Bulb for Zoom-In Desk Lamp,168.84
"Electrix Architect's Clamp-On Swing Arm Lamp, Black",2863.8
Electrix Fluorescent Magnifier Lamps & Weighted Base,463.79600000000005
Electrix Halogen Magnifier Lamp,2759.06
"Electrix Incandescent Magnifying Lamp, Black",117.28
"Executive Impressions 10"" Spectator Wall Clock",258.72
"Executive Impressions 12"" Wall Clock",176.7
"Executive Impressions 13"" Chairman Wall Clock",253.8
"Executive Impressions 13"" Clairmont Wall Clock",315.372
"Executive Impressions 13-1/2"" Indoor/Outdoor Wall Clock",56.099999999999994
"Executive Impressions 14""",377.90999999999997
"Executive Impressions 14"" Contract Wall Clock",346.788
"Executive Impressions 14"" Contract Wall Clock with Quartz Movement",97.812
"Executive Impressions 14"" Two-Color Numerals Wall Clock",308.99199999999996
"Executive Impressions 16-1/2"" Circular Wall Clock",58.784
"Executive Impressions 8-1/2"" Career Panel/Partition Cubicle Clock",66.56
Executive Impressions Supervisor Wall Clock,867.2599999999999
Flat Face Poster Frame,678.24
"Floodlight Indoor Halogen Bulbs, 1 Bulb per Pack, 60 Watts",434.56
G.E. Halogen Desk Lamp Bulbs,62.82
G.E. Longer-Life Indoor Recessed Floodlight Bulbs,81.00800000000001
"GE 4 Foot Flourescent Tube, 40 Watt",98.868
"GE 48"" Fluorescent Tube, Cool White Energy Saver, 34 Watts, 30/Box",2699.056
"GE General Purpose, Extra Long Life, Showcase & Floodlight Incandescent Bulbs",45.396
"GE General Use Halogen Bulbs, 100 Watts, 1 Bulb per Pack",163.332
"Global Adaptabilites Bookcase, Cherry/Storm Gray Finish",3447.84
Global Adaptabilities Conference Tables,3540.348
"Global Airflow Leather Mesh Back Chair, Black",3955.676
"Global Armless Task Chair, Royal Blue",1396.442
Global Chrome Stack Chair,815.864
Global Comet Stacking Arm Chair,6084.144
Global Comet Stacking Armless Chair,3528.79
Global Commerce Series High-Back Swivel/Tilt Chairs,7979.4400000000005
Global Commerce Series Low-Back Swivel/Tilt Chairs,4420.056
Global Deluxe High-Back Manager's Chair,8665.194
Global Deluxe High-Back Office Chair in Storm,1087.92
Global Deluxe Office Fabric Chairs,1420.504
"Global Deluxe Stacking Chair, Gray",764.7
Global Deluxe Steno Chair,1770.54
Global Enterprise Series Seating High-Back Swivel/Tilt Chairs,2032.35
Global Enterprise Series Seating Low-Back Swivel/Tilt Chairs,207.184
Global Ergonomic Managers Chair,6008.536
Global Executive Mid-Back Manager's Chair,4626.582
"Global Fabric Manager's Chair, Dark Gray",3150.576
"Global Geo Office Task Chair, Gray",1757.266
"Global High-Back Leather Tilter, Burgundy",5436.158
Global Highback Leather Tilter in Burgundy,2647.809
Global Italian Leather Office Chair,969.252
"Global Leather & Oak Executive Chair, Burgundy",1689.968
Global Leather Executive Chair,5861.532999999999
"Global Leather Highback Executive Chair with Pneumatic Height Adjustment, Black",5989.204
"Global Leather Task Chair, Black",1448.839
"Global Leather and Oak Executive Chair, Black",6410.874
Global Low Back Tilter Chair,1746.9540000000002
"Global Manager's Adjustable Task Chair, Storm",2959.208
"Global Push Button Manager's Chair, Indigo",2185.951
"Global Stack Chair with Arms, Black",803.464
"Global Stack Chair without Arms, Black",901.506
Global Super Steno Chair,2389.902
"Global Task Chair, Black",463.099
Global Troy Executive Leather Low-Back Tilter,12975.382
"Global Value Mid-Back Manager's Chair, Gray",1978.925
"Global Value Steno Chair, Gray",2204.862
"Global Wood Trimmed Manager's Task Chair, Khaki",4166.884
GuestStacker Chair with Chrome Finish Legs,9070.944
HON 5400 Series Task Chairs for Big and Tall,21870.576
Hand-Finished Solid Wood Document Frame,260.14799999999997
Harbour Creations 67200 Series Stacking Chairs,1501.8980000000001
Harbour Creations Steel Folding Chair,2389.125
High-Back Leather Manager's Chair,4770.633
Hon 2090 ÒPillow SoftÓ Series Mid Back Swivel/Tilt Chairs,5282.424
Hon 2111 Invitation Series Corner Table,3140.55
Hon 2111 Invitation Series Straight Table,2040.054
"Hon 30"" x 60"" Table with Locking Drawer",1296.028
Hon 4-Shelf Metal Bookcases,1474.308
Hon 4060 Series Tables,1231.56
Hon 4070 Series Pagoda Armless Upholstered Stacking Chairs,8430.997
Hon 4070 Series Pagoda Round Back Stacking Chairs,5906.032
Hon 4700 Series Mobuis Mid-Back Task Chairs with Adjustable Arms,7582.374
Hon 5100 Series Wood Tables,5965.09
Hon 61000 Series Interactive Training Tables,653.121
Hon 94000 Series Round Tables,7404.5
Hon Comfortask Task/Swivel Chairs,1686.904
Hon Deluxe Fabric Upholstered Stacking Chairs,2586.1879999999996
"Hon Deluxe Fabric Upholstered Stacking Chairs, Rounded Back",10637.528
"Hon Deluxe Fabric Upholstered Stacking Chairs, Squared Back",1268.696
Hon Every-Day Chair Series Swivel Task Chairs,967.84
Hon Every-Day Series Multi-Task Chairs,6748.482
Hon GuestStacker Chair,6936.102
"Hon Metal Bookcases, Black",1570.0775999999998
"Hon Metal Bookcases, Gray",851.76
"Hon Metal Bookcases, Putty",1320.228
Hon Mobius Operator's Chair,2705.7799999999997
Hon Multipurpose Stacking Arm Chairs,6584.64
Hon Non-Folding Utility Tables,3775.647
Hon Olson Stacker Chairs,5427.99
Hon Olson Stacker Stools,5294.456
Hon Pagoda Stacking Chairs,6483.796
"Hon Practical Foundations 30 x 60 Training Table, Light Gray/Charcoal",4334.8275
Hon Racetrack Conference Tables,3963.901
Hon Rectangular Conference Tables,3481.515
Hon Valutask Swivel Chairs,1242.054
"Howard Miller 11-1/2"" Diameter Brentwood Wall Clock",681.454
"Howard Miller 11-1/2"" Diameter Grantwood Wall Clock",500.308
"Howard Miller 11-1/2"" Diameter Ridgewood Wall Clock",1184.232
"Howard Miller 12"" Round Wall Clock",479.33799999999997
Howard Miller 12-3/4 Diameter Accuwave DS  Wall Clock,786.9
"Howard Miller 13"" Diameter Goldtone Round Wall Clock",1042.068
"Howard Miller 13"" Diameter Pewter Finish Round Wall Clock",1047.7359999999999
"Howard Miller 13-1/2"" Diameter Rosebrook Wall Clock",949.026
"Howard Miller 13-3/4"" Diameter Brushed Chrome Round Wall Clock",1324.8
"Howard Miller 14-1/2"" Diameter Chrome Round Wall Clock",1636.864
"Howard Miller 16"" Diameter Gallery Wall Clock",575.46
Howard Miller Distant Time Traveler Alarm Clock,531.948
"Iceberg Nesting Folding Chair, 19w x 6d x 43h",1589.406
"Iceberg OfficeWorks 42"" Round Tables",3457.442
KI Adjustable-Height Table,4552.641
KI Conference Tables,2140.878
Laminate Occasional Tables,2096.168
"Leather Task Chair, Black",1437.484
"Lesro Round Back Collection Coffee Table, End Table",2847.7799999999997
"Lesro Sheffield Collection Coffee Table, End Table, Center Table, Corner Table",2298.114
"Lifetime Advantage Folding Chairs, 4/Carton",5212.112
"Linden 10"" Round Wall Clock, Black",253.648
"Linden 12"" Wall Clock With Oak Frame",101.94
Longer-Life Soft White Bulbs,115.192
Luxo Adjustable Task Clamp Lamp,1545.816
Luxo Economy Swing Arm Lamp,338.98
Luxo Professional Combination Clamp-On Lamps,1329.9
Luxo Professional Fluorescent Magnifier Lamp with Clamp-Mount Base,3861.056
Luxo Professional Magnifying Clamp-On Fluorescent Lamps,1268.922
Magna Visual Magnetic Picture Hangers,84.83200000000001
Magnifier Swing Arm Lamp,251.76000000000002
"Master Big Foot Doorstop, Beige",152.064
"Master Caster Door Stop, Brown",176.784
"Master Caster Door Stop, Gray",47.752
"Master Caster Door Stop, Large Brown",59.696
"Master Caster Door Stop, Large Neon Orange",154.336
"Master Giant Foot Doorstop, Safety Yellow",83.49
"Metal Folding Chairs, Beige, 4/Carton",685.588
Novimex Fabric Task Chair,1890.3799999999999
Novimex High-Tech Fabric Mesh Task Chair,922.74
Novimex Swivel Fabric Task Chair,2913.9139999999998
Novimex Turbo Task Chair,1341.5220000000002
Nu-Dell EZ-Mount Plastic Wall Frames,19.7
Nu-Dell Executive Frame,409.536
Nu-Dell Float Frame 11 x 14 1/2,170.62
Nu-Dell Leatherette Frames,246.64800000000002
Nu-Dell Oak Frame,151.656
O'Sullivan 2-Door Barrister Bookcase in Odessa Pine,4886.46
O'Sullivan 2-Shelf Heavy-Duty Bookcases,723.842
O'Sullivan 3-Shelf Heavy-Duty Bookcases,1119.195
O'Sullivan 4-Shelf Bookcase in Odessa Pine,2740.197
O'Sullivan 5-Shelf Heavy-Duty Bookcases,540.804
O'Sullivan Cherrywood Estates Traditional Barrister Bookcase,1072.344
O'Sullivan Cherrywood Estates Traditional Bookcase,424.90000000000003
"O'Sullivan Elevations Bookcase, Cherry Finish",1912.308
O'Sullivan Living Dimensions 2-Shelf Bookcases,2970.059
O'Sullivan Living Dimensions 3-Shelf Bookcases,2904.161
O'Sullivan Living Dimensions 5-Shelf Bookcases,3420.7704
O'Sullivan Manor Hill 2-Door Library in Brianna Oak,1646.9180000000001
O'Sullivan Plantations 2-Door Library in Landvery Oak,2946.3668
OIC Stacking Trays,82.832
"Office Impressions End Table, 20-1/2""H x 24""W x 20""D",5801.816
Office Star - Contemporary Swivel Chair with Padded Adjustable Arms and Flex Back,3989.734
Office Star - Contemporary Task Swivel Chair,1842.268
"Office Star - Contemporary Task Swivel chair with 2-way adjustable arms, Plum",694.194
"Office Star - Contemporary Task Swivel chair with Loop Arms, Charcoal",3680.538
Office Star - Ergonomic Mid Back Chair with 2-Way Adjustable Arms,2207.956
Office Star - Ergonomically Designed Knee Chair,1311.876
Office Star - Mesh Screen back chair with Vinyl seat,2200.464
Office Star - Mid Back Dual function Ergonomic High Back Chair with 2-Way Adjustable Arms,4185.48
Office Star - Professional Matrix Back Chair with 2-to-1 Synchro Tilt and Mesh Fabric Seat,8774.5
Office Star - Task Chair with Contemporary Loop Arms,600.4680000000001
Office Star Flex Back Scooter Chair with Aluminum Finish Frame,1947.1770000000001
Office Star Flex Back Scooter Chair with White Frame,1775.68
"Padded Folding Chairs, Black, 4/Carton",1830.148
Regeneration Desk Collection,35.904
"Riverside Furniture Oval Coffee Table, Oval End Table, End Table with Drawer",4446.175
Riverside Furniture Stanwyck Manor Table Series,917.9200000000001
"Riverside Palais Royal Lawyers Bookcase, Royale Cherry Finish",15610.9656
"Rubbermaid ClusterMat Chairmats, Mat Size- 66"" x 60"", Lip 20"" x 11"" -90 Degree Angle",2064.228
"Rush Hierlooms Collection 1"" Thick Stackable Bookcases",2487.759
Rush Hierlooms Collection Rich Wood Bookcases,489.37919999999997
SAFCO Arco Folding Chair,11572.78
SAFCO Folding Chair Trolley,705.32
SAFCO Optional Arm Kit for Workspace Cribbage Stacking Chair,245.088
"SAFCO PlanMaster Boards, 60w x 37-1/2d, White Melamine",2979.004
"SAFCO PlanMaster Heigh-Adjustable Drafting Table Base, 43w x 30d x 30-37h, Black",3739.115
"Safco Chair Connectors, 6/Carton",881.192
Safco Contoured Stacking Chairs,5697.76
Safco Drafting Table,638.8199999999999
"Safco Value Mate Series Steel Bookcases, Baked Enamel Finish on Steel, Gray",858.858
"Safco Value Mate Steel Bookcase, Baked Enamel Finish on Steel, Black",802.074
Sauder Barrister Bookcases,754.7336
"Sauder Camden County Barrister Bookcase, Planked Cherry Finish",1064.624
"Sauder Camden County Collection Libraries, Planked Cherry Finish",1909.8178
Sauder Camden County Collection Library,1368.2620000000002
Sauder Cornerstone Collection Library,322.192
"Sauder Facets Collection Library, Sky Alder Finish",1427.683
"Sauder Forest Hills Library with Doors, Woodland Oak Finish",1014.174
"Sauder Forest Hills Library, Woodland Oak Finish",1875.034
Sauder Inglewood Library Bookcases,2154.348
"Sauder Mission Library with Doors, Fruitwood Finish",935.1972
"Seth Thomas 12"" Clock w/ Goldtone Case",390.66
"Seth Thomas 13 1/2"" Wall Clock",316.48400000000004
"Seth Thomas 14"" Day/Date Wall Clock",467.072
"Seth Thomas 14"" Putty-Colored Wall Clock",357.948
"Seth Thomas 16"" Steel Case Clock",441.72799999999995
"Seth Thomas 8 1/2"" Cubicle Clock",210.912
"Situations Contoured Folding Chairs, 4/Set",3641.274
Stackable Trays,65.296
"Stacking Tray, Side-Loading, Legal, Smoke",46.592
Stacking Trays by OIC,72.708
Staple-based wall hangings,422.288
Telescoping Adjustable Floor Lamp,143.928
"Tenex ""The Solids"" Textured Chair Mats",1469.1599999999999
"Tenex 46"" x 60"" Computer Anti-Static Chairmat, Rectangular Shaped",2267.972
Tenex Antistatic Computer Chair Mats,3317.0119999999997
Tenex B1-RE Series Chair Mats for Low Pile Carpets,1002.3639999999999
"Tenex Carpeted, Granite-Look or Clear Contemporary Contour Shape Chair Mats",763.6679999999999
"Tenex Chairmat w/ Average Lip, 45"" x 53""",2058.496
Tenex Chairmats For Use With Carpeted Floors,175.78
Tenex Chairmats For Use with Hard Floors,467.712
"Tenex Contemporary Contur Chairmats for Low and Medium Pile Carpet, Computer, 39"" x 49""",1010.7819999999999
"Tenex Traditional Chairmats for Hard Floors, Average Lip, 36"" x 48""",180.46
"Tenex Traditional Chairmats for Medium Pile Carpet, Standard Lip, 36"" x 48""",1322.17
"Tenex V2T-RE Standard Weight Series Chair Mat, 45"" x 53"", Lip 25"" x 12""",468.46799999999996
"Tensor ""Hersey Kiss"" Styled Floor Lamp",93.52799999999999
Tensor Brushed Steel Torchiere Floor Lamp,146.11399999999998
Tensor Computer Mounted Lamp,536.04
Tensor Track Tree Floor Lamp,299.85
Ultra Commercial Grade Dual Valve Door Closer,63.824
"Ultra Door Kickplate, 8""H x 34""W",158.24
Ultra Door Pull Handle,265.104
Ultra Door Push Plate,149.264
Westinghouse Clip-On Gooseneck Lamps,279.558
"Westinghouse Floor Lamp with Metal Mesh Shade, Black",167.93
"Westinghouse Mesh Shade Clip-On Gooseneck Lamp, Black",84.84
